{
  "schedule": [
    {
      "date": "2047-05-17",
      "groups": [
        {
          "time": "8:00 am",
          "sessions": [
            {
              "name": "Ionic Pro",
              "location": "Grand Ballroom A",
              "description": "Mobile devices and browsers are now advanced enough that developers can build native-quality mobile apps using open web technologies like HTML5, Javascript, and CSS. In this talk, we’ll provide background on why and how we created Ionic, the design decisions made as we integrated Ionic with Angular, and the performance considerations for mobile platforms that our team had to overcome. We’ll also review new and upcoming Ionic features, and talk about the hidden powers and benefits of combining mobile app development and Angular.",
              "speakerNames": ["HackaBee 4.0"],
              "timeStart": "10:45 am",
              "timeEnd": "11:00 am",
              "tracks": ["Services"],
              "id": "8"
            }
          ]
        },
        {
          "time": "11:00 am",
          "sessions": [
            {
              "name": "Ionic Workshop",
              "location": "Hall 1",
              "description": "Mobile devices and browsers are now advanced enough that developers can build native-quality mobile apps using open web technologies like HTML5, Javascript, and CSS. In this talk, we’ll provide background on why and how we created Ionic, the design decisions made as we integrated Ionic with Angular, and the performance considerations for mobile platforms that our team had to overcome. We’ll also review new and upcoming Ionic features, and talk about the hidden powers and benefits of combining mobile app development and Angular.",
              "speakerNames": ["Karl Kitten", "Lionel Lion"],
              "timeStart": "11:00 am",
              "timeEnd": "11:45 am",
              "tracks": ["Workshop"],
              "id": "9"
            },
            {
              "name": "Community Interaction",
              "location": "Hall 3",
              "description": "Mobile devices and browsers are now advanced enough that developers can build native-quality mobile apps using open web technologies like HTML5, Javascript, and CSS. In this talk, we’ll provide background on why and how we created Ionic, the design decisions made as we integrated Ionic with Angular, and the performance considerations for mobile platforms that our team had to overcome. We’ll also review new and upcoming Ionic features, and talk about the hidden powers and benefits of combining mobile app development and Angular.",
              "speakerNames": ["Lionel Lion", "Gino Giraffe"],
              "timeStart": "11:30 am",
              "timeEnd": "11:50 am",
              "tracks": ["Communication"],
              "id": "10"
            },
            {
              "name": "Navigation in Ionic",
              "location": "Grand Ballroom A",
              "description": "Mobile devices and browsers are now advanced enough that developers can build native-quality mobile apps using open web technologies like HTML5, Javascript, and CSS. In this talk, we’ll provide background on why and how we created Ionic, the design decisions made as we integrated Ionic with Angular, and the performance considerations for mobile platforms that our team had to overcome. We’ll also review new and upcoming Ionic features, and talk about the hidden powers and benefits of combining mobile app development and Angular.",
              "speakerNames": ["Rachel Rabbit", "Eva Eagle"],
              "timeStart": "11:30 am",
              "timeEnd": "12:00 pm",
              "tracks": ["Navigation"],
              "id": "11"
            }
          ]
        },
        {
          "time": "12:00 pm",
          "sessions": [
            {
              "name": "Lunch",
              "location": "Dining Hall",
              "description": "Come grab lunch with all the Ionic fanatics and talk all things Ionic",
              "timeStart": "12:00 pm",
              "timeEnd": "1:00 pm",
              "tracks": ["Food"],
              "id": "12"
            }
          ]
        },
        {
          "time": "1:00 pm",
          "sessions": [
            {
              "name": "Ionic in the Enterprise",
              "location": "Hall 1",
              "description": "Mobile devices and browsers are now advanced enough that developers can build native-quality mobile apps using open web technologies like HTML5, Javascript, and CSS. In this talk, we’ll provide background on why and how we created Ionic, the design decisions made as we integrated Ionic with Angular, and the performance considerations for mobile platforms that our team had to overcome. We’ll also review new and upcoming Ionic features, and talk about the hidden powers and benefits of combining mobile app development and Angular.",
              "speakerNames": ["Paul Puppy"],
              "timeStart": "1:00 pm",
              "timeEnd": "1:15 pm",
              "tracks": ["Communication"],
              "id": "13"
            },
            {
              "name": "Ionic Worldwide",
              "location": "Hall 1",
              "description": "Mobile devices and browsers are now advanced enough that developers can build native-quality mobile apps using open web technologies like HTML5, Javascript, and CSS. In this talk, we’ll provide background on why and how we created Ionic, the design decisions made as we integrated Ionic with Angular, and the performance considerations for mobile platforms that our team had to overcome. We’ll also review new and upcoming Ionic features, and talk about the hidden powers and benefits of combining mobile app development and Angular.",
              "speakerNames": ["Gino Giraffe"],
              "timeStart": "1:15 pm",
              "timeEnd": "1:30 pm",
              "tracks": ["Communication"],
              "id": "14"
            },
            {
              "name": "The Ionic Package",
              "location": "Grand Ballroom B",
              "description": "Mobile devices and browsers are now advanced enough that developers can build native-quality mobile apps using open web technologies like HTML5, Javascript, and CSS. In this talk, we’ll provide background on why and how we created Ionic, the design decisions made as we integrated Ionic with Angular, and the performance considerations for mobile platforms that our team had to overcome. We’ll also review new and upcoming Ionic features, and talk about the hidden powers and benefits of combining mobile app development and Angular.",
              "speakerNames": ["Molly Mouse", "Burt Bear"],
              "timeStart": "1:30 pm",
              "timeEnd": "2:00 pm",
              "tracks": ["Services"],
              "id": "15"
            }
          ]
        },
        {
          "time": "2:00 pm",
          "sessions": [
            {
              "name": "Push Notifications in Ionic",
              "location": "Hall 2",
              "description": "Mobile devices and browsers are now advanced enough that developers can build native-quality mobile apps using open web technologies like HTML5, Javascript, and CSS. In this talk, we’ll provide background on why and how we created Ionic, the design decisions made as we integrated Ionic with Angular, and the performance considerations for mobile platforms that our team had to overcome. We’ll also review new and upcoming Ionic features, and talk about the hidden powers and benefits of combining mobile app development and Angular.",
              "speakerNames": ["Burt Bear", "Charlie Cheetah"],
              "timeStart": "2:00 pm",
              "timeEnd": "2:30 pm",
              "tracks": ["Services"],
              "id": "16"
            },
            {
              "name": "Ionic Documentation",
              "location": "Grand Ballroom B",
              "description": "Mobile devices and browsers are now advanced enough that developers can build native-quality mobile apps using open web technologies like HTML5, Javascript, and CSS. In this talk, we’ll provide background on why and how we created Ionic, the design decisions made as we integrated Ionic with Angular, and the performance considerations for mobile platforms that our team had to overcome. We’ll also review new and upcoming Ionic features, and talk about the hidden powers and benefits of combining mobile app development and Angular.",
              "speakerNames": ["Donald Duck"],
              "timeStart": "2:30 pm",
              "timeEnd": "2:45 pm",
              "tracks": ["Documentation"],
              "id": "17"
            },
            {
              "name": "UX in Ionic",
              "location": "Hall 3",
              "description": "Mobile devices and browsers are now advanced enough that developers can build native-quality mobile apps using open web technologies like HTML5, Javascript, and CSS. In this talk, we’ll provide background on why and how we created Ionic, the design decisions made as we integrated Ionic with Angular, and the performance considerations for mobile platforms that our team had to overcome. We’ll also review new and upcoming Ionic features, and talk about the hidden powers and benefits of combining mobile app development and Angular.",
              "speakerNames": ["Isabella Iguana", "Ellie Elephant"],
              "timeStart": "2:45 pm",
              "timeEnd": "3:00 pm",
              "tracks": ["Design"],
              "id": "18"
            }
          ]
        },
        {
          "time": "3:00",
          "sessions": [
            {
              "name": "Angular Directives in Ionic",
              "location": "Hall 1",
              "description": "Mobile devices and browsers are now advanced enough that developers can build native-quality mobile apps using open web technologies like HTML5, Javascript, and CSS. In this talk, we’ll provide background on why and how we created Ionic, the design decisions made as we integrated Ionic with Angular, and the performance considerations for mobile platforms that our team had to overcome. We’ll also review new and upcoming Ionic features, and talk about the hidden powers and benefits of combining mobile app development and Angular.",
              "speakerNames": ["Ted Turtle"],
              "timeStart": "3:00 pm",
              "timeEnd": "3:30 pm",
              "tracks": ["Angular"],
              "id": "19"
            },
            {
              "name": "Mobile States",
              "location": "Hall 2",
              "description": "Mobile devices and browsers are now advanced enough that developers can build native-quality mobile apps using open web technologies like HTML5, Javascript, and CSS. In this talk, we’ll provide background on why and how we created Ionic, the design decisions made as we integrated Ionic with Angular, and the performance considerations for mobile platforms that our team had to overcome. We’ll also review new and upcoming Ionic features, and talk about the hidden powers and benefits of combining mobile app development and Angular.",
              "speakerNames": ["Rachel Rabbit"],
              "timeStart": "3:30 pm",
              "timeEnd": "3:45 pm",
              "tracks": ["Navigation"],
              "id": "20"
            }
          ]
        }
      ]
    }
  ],

  "speakers": [

    {
      "name": "HackaBee 4.0",
      "profilePic": "/assets/eventos/1.png",
      "instagram": "https://www.instagram.com/hackabee.utfpr/",
      "about": "",
      "title": "Software Engineer",
      "location": "UTFPR - Cornélio Procópio",
      "id": "2"
    },
    {
      "name": "Donald Duck",
      "profilePic": "/assets/img/speakers/duck.jpg",
      "instagram": "ionicframework",
      "twitter": "ionicframework",
      "about": "Donald is a Duck. Donald's interests include carpentry, superheroes, merpeople, and glam rock.",
      "title": "Software Engineer",
      "location": "Everywhere",
      "email": "donald@example.com",
      "phone": "+1-541-754-3010",
      "id": "3"
    },
    {
      "name": "Eva Eagle",
      "profilePic": "/assets/img/speakers/eagle.jpg",
      "instagram": "ionicframework",
      "twitter": "ionicframework",
      "about": "Eva is an Eagle. Eva's interests include ants, seashells, and cupcakes.",
      "title": "Developer Advocate",
      "location": "Everywhere",
      "email": "eva@example.com",
      "phone": "+1-541-754-3010",
      "id": "4"
    },
    {
      "name": "Ellie Elephant",
      "profilePic": "/assets/img/speakers/elephant.jpg",
      "instagram": "ionicframework",
      "twitter": "ionicframework",
      "about": "Ellie is an Elephant. Ellie's interests include pocket watches, pool, hand fans, and ninjas.",
      "title": "Software Engineer",
      "location": "Everywhere",
      "email": "ellie@example.com",
      "phone": "+1-541-754-3010",
      "id": "5"
    }

  ],



  "tracks": [
    {
      "name": "Angular",
      "icon": "logo-angular"
    },
    {
      "name": "Documentation",
      "icon": "document"
    },
    {
      "name": "Food",
      "icon": "restaurant"
    },
    {
      "name": "Ionic",
      "icon": "logo-ionic"
    },
    {
      "name": "Tooling",
      "icon": "hammer"
    },
    {
      "name": "Design",
      "icon": "color-palette"
    },
    {
      "name": "Services",
      "icon": "cog"
    },
    {
      "name": "Workshop",
      "icon": "construct"
    },
    {
      "name": "Communication",
      "icon": "call"
    },
    {
      "name": "Navigation",
      "icon": "compass"
    }
  ]
}
